{
  "quadrupedBottom": {
    "n": 0.28404,
    "ne": 0.2930427,
    "e": 0.55,
    "se": 0.4,
    "s": 0.08081722,
    "sw": 0.4,
    "w": 0.55,
    "nw": 0.3003989
  },
  "quadrupedTop": {
    "n": 0,
    "ne": 0,
    "e": 0,
    "se": 0.05,
    "s": 0.1,
    "sw": 0.05,
    "w": 0,
    "nw": 0
  }
}