{
  "presets": [
    {
      "effects": {
        "ambientB": 0.8999999761581421,
        "ambientG": 0.8700000047683716,
        "ambientR": 0.8500000238418579,
        "brightness": 0.75,
        "contrast": 1.0,
        "fogB": 0.5199999809265137,
        "fogDensity": 0.20384615659713745,
        "fogG": 0.47999998927116394,
        "fogR": 0.44999998807907104,
        "fogScale": 1.0,
        "fogSpeed": 0.2884615361690521,
        "hazeB": 0.6000000238418579,
        "hazeG": 0.550000011920929,
        "hazeR": 0.5,
        "hazeStrength": 0.18076923489570618,
        "lightningEnabled": false,
        "lightningMaxInterval": 12.0,
        "lightningMinInterval": 4.0,
        "rainAlpha": 0.30000001192092896,
        "rainDensity": 0.14230769872665405,
        "rainFarOpacity": 0.5,
        "rainLength": 24.25,
        "rainNearScale": 1.5,
        "rainSpeed": 825.0,
        "rainWindAngle": 12.0,
        "saturation": 0.6499999761581421,
        "tintB": 0.75,
        "tintG": 0.7200000286102295,
        "tintR": 0.699999988079071,
        "tintStrength": 0.20000000298023224,
        "vignetteRadius": 0.699999988079071,
        "vignetteSoftness": 0.4000000059604645,
        "vignetteStrength": 0.4000000059604645,
        "windAngle": -52.615379333496094,
        "windStrength": 0.0
      },
      "id": "dreary_rain",
      "name": "Dreary Rain"
    },
    {
      "effects": {
        "ambientB": 0.949999988079071,
        "ambientG": 0.9200000166893005,
        "ambientR": 0.8999999761581421,
        "brightness": 0.8999999761581421,
        "contrast": 0.8500000238418579,
        "fogB": 0.6700000166893005,
        "fogDensity": 0.800000011920929,
        "fogG": 0.6299999952316284,
        "fogR": 0.6000000238418579,
        "fogScale": 1.0,
        "fogSpeed": 0.5,
        "hazeB": 0.6700000166893005,
        "hazeG": 0.6299999952316284,
        "hazeR": 0.6000000238418579,
        "hazeStrength": 0.4000000059604645,
        "lightningEnabled": false,
        "lightningMaxInterval": 12.0,
        "lightningMinInterval": 4.0,
        "rainAlpha": 0.3499999940395355,
        "rainDensity": 0.0,
        "rainFarOpacity": 0.5,
        "rainLength": 15.0,
        "rainNearScale": 1.5,
        "rainSpeed": 800.0,
        "rainWindAngle": 10.0,
        "saturation": 0.6000000238418579,
        "tintB": 0.8500000238418579,
        "tintG": 0.8199999928474426,
        "tintR": 0.800000011920929,
        "tintStrength": 0.15000000596046448,
        "vignetteRadius": 0.699999988079071,
        "vignetteSoftness": 0.4000000059604645,
        "vignetteStrength": 0.20000000298023224,
        "windAngle": 0.0,
        "windStrength": 0.0
      },
      "id": "foggy",
      "name": "Foggy"
    },
    {
      "effects": {
        "ambientB": 0.75,
        "ambientG": 0.6299999952316284,
        "ambientR": 0.6000000238418579,
        "brightness": 0.5,
        "contrast": 1.0499999523162842,
        "fogB": 0.44999998807907104,
        "fogDensity": 0.4000000059604645,
        "fogG": 0.3799999952316284,
        "fogR": 0.3499999940395355,
        "fogScale": 1.0,
        "fogSpeed": 1.0,
        "hazeB": 0.6000000238418579,
        "hazeG": 0.550000011920929,
        "hazeR": 0.5,
        "hazeStrength": 0.20000000298023224,
        "lightningEnabled": true,
        "lightningMaxInterval": 10.0,
        "lightningMinInterval": 3.0,
        "rainAlpha": 0.4000000059604645,
        "rainDensity": 0.8999999761581421,
        "rainFarOpacity": 0.5,
        "rainLength": 22.0,
        "rainNearScale": 1.5,
        "rainSpeed": 1100.0,
        "rainWindAngle": 20.0,
        "saturation": 0.5,
        "tintB": 0.699999988079071,
        "tintG": 0.550000011920929,
        "tintR": 0.5,
        "tintStrength": 0.30000001192092896,
        "vignetteRadius": 0.6000000238418579,
        "vignetteSoftness": 0.4000000059604645,
        "vignetteStrength": 0.6000000238418579,
        "windAngle": 15.0,
        "windStrength": 0.004000000189989805
      },
      "id": "thunderstorm",
      "name": "Thunderstorm"
    },
    {
      "effects": {
        "ambientB": 0.699999988079071,
        "ambientG": 0.8500000238418579,
        "ambientR": 1.0,
        "brightness": 0.8500000238418579,
        "contrast": 1.0499999523162842,
        "fogB": 0.6000000238418579,
        "fogDensity": 0.0,
        "fogG": 0.550000011920929,
        "fogR": 0.5,
        "fogScale": 1.0,
        "fogSpeed": 1.0,
        "hazeB": 0.3499999940395355,
        "hazeG": 0.550000011920929,
        "hazeR": 0.800000011920929,
        "hazeStrength": 0.10000000149011612,
        "lightningEnabled": false,
        "lightningMaxInterval": 12.0,
        "lightningMinInterval": 4.0,
        "rainAlpha": 0.3499999940395355,
        "rainDensity": 0.0,
        "rainFarOpacity": 0.5,
        "rainLength": 15.0,
        "rainNearScale": 1.5,
        "rainSpeed": 800.0,
        "rainWindAngle": 10.0,
        "saturation": 0.800000011920929,
        "tintB": 0.4000000059604645,
        "tintG": 0.699999988079071,
        "tintR": 1.0,
        "tintStrength": 0.25,
        "vignetteRadius": 0.699999988079071,
        "vignetteSoftness": 0.4000000059604645,
        "vignetteStrength": 0.15000000596046448,
        "windAngle": 0.0,
        "windStrength": 0.0
      },
      "id": "dusk",
      "name": "Dusk"
    },
    {
      "effects": {
        "ambientB": 0.800000011920929,
        "ambientG": 0.550000011920929,
        "ambientR": 0.5,
        "brightness": 0.4000000059604645,
        "contrast": 0.949999988079071,
        "fogB": 0.6000000238418579,
        "fogDensity": 0.0,
        "fogG": 0.550000011920929,
        "fogR": 0.5,
        "fogScale": 1.0,
        "fogSpeed": 1.0,
        "hazeB": 0.30000001192092896,
        "hazeG": 0.18000000715255737,
        "hazeR": 0.15000000596046448,
        "hazeStrength": 0.15000000596046448,
        "lightningEnabled": false,
        "lightningMaxInterval": 12.0,
        "lightningMinInterval": 4.0,
        "rainAlpha": 0.3499999940395355,
        "rainDensity": 0.0,
        "rainFarOpacity": 0.5,
        "rainLength": 15.0,
        "rainNearScale": 1.5,
        "rainSpeed": 800.0,
        "rainWindAngle": 10.0,
        "saturation": 0.550000011920929,
        "tintB": 0.800000011920929,
        "tintG": 0.4000000059604645,
        "tintR": 0.30000001192092896,
        "tintStrength": 0.3499999940395355,
        "vignetteRadius": 0.6499999761581421,
        "vignetteSoftness": 0.4000000059604645,
        "vignetteStrength": 0.4000000059604645,
        "windAngle": 0.0,
        "windStrength": 0.0
      },
      "id": "night",
      "name": "Night"
    },
    {
      "effects": {
        "ambientB": 0.5,
        "ambientG": 0.20000000298023224,
        "ambientR": 0.4000000059604645,
        "brightness": 0.30000001192092896,
        "contrast": 1.100000023841858,
        "fogB": 0.20000000298023224,
        "fogDensity": 0.30000001192092896,
        "fogG": 0.10000000149011612,
        "fogR": 0.25,
        "fogScale": 1.0,
        "fogSpeed": 0.30000001192092896,
        "hazeB": 0.25,
        "hazeG": 0.10000000149011612,
        "hazeR": 0.20000000298023224,
        "hazeStrength": 0.25,
        "lightningEnabled": true,
        "lightningMaxInterval": 20.0,
        "lightningMinInterval": 8.0,
        "rainAlpha": 0.20000000298023224,
        "rainDensity": 0.20000000298023224,
        "rainFarOpacity": 0.5,
        "rainLength": 15.0,
        "rainNearScale": 1.5,
        "rainSpeed": 700.0,
        "rainWindAngle": 10.0,
        "saturation": 0.4000000059604645,
        "tintB": 0.30000001192092896,
        "tintG": 0.10000000149011612,
        "tintR": 0.5,
        "tintStrength": 0.44999998807907104,
        "vignetteRadius": 0.550000011920929,
        "vignetteSoftness": 0.3499999940395355,
        "vignetteStrength": 0.699999988079071,
        "windAngle": 0.0,
        "windStrength": 0.0
      },
      "id": "evil_night",